3c7cd7,127.0.0.1,GET,http://localhost/Asrac/web/,1478614868,,500
e05a4f,127.0.0.1,GET,http://localhost/Asrac/web/,1478614879,,500
3c6a82,127.0.0.1,GET,http://localhost/Asrac/web/,1478614949,,500
962993,127.0.0.1,GET,http://localhost/Asrac/web/,1478615048,,200
ce8639,127.0.0.1,GET,http://localhost/Asrac/web/,1478615092,,200
14a8af,127.0.0.1,GET,http://localhost/Asrac/web/,1478617372,,200
88652d,127.0.0.1,GET,http://localhost/Asrac/web/,1478617856,,200
c94557,127.0.0.1,GET,http://asrac/,1478617870,,200
308217,127.0.0.1,GET,http://asrac/lib/Font-awesome/css/font-awesome.css,1478617870,,404
2c79a4,127.0.0.1,GET,http://asrac/lib/bootstrap/css/bootstrap.min.css,1478617870,,404
e5f63e,127.0.0.1,GET,http://asrac/css/styles.css,1478617871,,404
adb2c5,127.0.0.1,GET,http://asrac/images/Articles/image_test,1478617871,,404
ccc92b,127.0.0.1,GET,http://asrac/favicon.ico,1478617871,,404
3b41e2,127.0.0.1,GET,http://asrac/favicon.ico,1478617871,,404
e5507b,127.0.0.1,GET,http://asrac/,1478618239,,200
2d892e,127.0.0.1,GET,http://asrac/lib/bootstrap/css/bootstrap.min.css,1478618239,,404
a006ad,127.0.0.1,GET,http://asrac/lib/Font-awesome/css/font-awesome.css,1478618239,,404
63fe2f,127.0.0.1,GET,http://asrac/css/styles.css,1478618239,,404
465b77,127.0.0.1,GET,http://asrac/images/Articles/image_test,1478618239,,404
50db1e,127.0.0.1,GET,http://asrac/,1478682001,,200
275943,127.0.0.1,GET,http://asrac/web/lib/bootstrap.min.css,1478682001,,404
3f9020,127.0.0.1,GET,http://asrac/web/css/style.css,1478682001,,404
343967,127.0.0.1,GET,http://asrac/web/lib/script.js,1478682001,,404
2c6f21,127.0.0.1,GET,http://asrac/web/lib/jquery.js,1478682001,,404
b9de76,127.0.0.1,GET,http://asrac/web/lib/bootstrap.min.js,1478682002,,404
378ad9,127.0.0.1,GET,http://asrac/web/images/avatar2.jpg,1478682002,,404
92e7c9,127.0.0.1,GET,http://asrac/paris.jpg,1478682002,,404
968d10,127.0.0.1,GET,http://asrac/web/images/avatar.jpg,1478682002,,404
893bb5,127.0.0.1,GET,http://asrac/images/Articles/image_test,1478682002,,404
50335a,127.0.0.1,GET,http://asrac/web/images/avatar3.jpg,1478682002,,404
65d5d1,127.0.0.1,GET,http://asrac/web/images/agenda1.jpg,1478682002,,404
fef949,127.0.0.1,GET,http://asrac/web/lib/jquery.js,1478682002,,404
f96a11,127.0.0.1,GET,http://asrac/web/lib/bootstrap.min.js,1478682002,,404
834f05,127.0.0.1,GET,http://asrac/images/Articles/image_test,1478682002,,404
4fe4c6,127.0.0.1,GET,http://asrac/web/images/avatar.jpg,1478682002,,404
30c32a,127.0.0.1,GET,http://asrac/web/images/avatar3.jpg,1478682002,,404
ad8031,127.0.0.1,GET,http://asrac/web/images/avatar2.jpg,1478682002,,404
ad7d67,127.0.0.1,GET,http://asrac/web/images/agenda1.jpg,1478682002,,404
f00d80,127.0.0.1,GET,http://asrac/paris.jpg,1478682002,,404
b0740b,127.0.0.1,GET,http://asrac/favicon.ico,1478682003,,404
f260ff,127.0.0.1,GET,http://asrac/favicon.ico,1478682003,,404
17e234,127.0.0.1,GET,http://asrac/,1478682093,,200
e4bc87,127.0.0.1,GET,http://asrac/web/lib/bootstrap.min.css,1478682093,,404
15565f,127.0.0.1,GET,http://asrac/web/css/style.css,1478682093,,404
3cfdf3,127.0.0.1,GET,http://asrac/web/lib/script.js,1478682093,,404
f76068,127.0.0.1,GET,http://asrac/web/lib/jquery.js,1478682093,,404
0c54c3,127.0.0.1,GET,http://asrac/web/lib/bootstrap.min.js,1478682093,,404
ccba25,127.0.0.1,GET,http://asrac/images/Articles/image_test,1478682093,,404
631665,127.0.0.1,GET,http://asrac/images/Articles/test2.jpg,1478682093,,404
b126d4,127.0.0.1,GET,http://asrac/web/images/avatar.jpg,1478682093,,404
66fa52,127.0.0.1,GET,http://asrac/web/images/avatar3.jpg,1478682093,,404
1190e9,127.0.0.1,GET,http://asrac/web/images/avatar2.jpg,1478682093,,404
d6687e,127.0.0.1,GET,http://asrac/web/images/agenda1.jpg,1478682093,,404
e04123,127.0.0.1,GET,http://asrac/paris.jpg,1478682093,,404
785943,127.0.0.1,GET,http://asrac/web/lib/jquery.js,1478682094,,404
77c780,127.0.0.1,GET,http://asrac/web/lib/bootstrap.min.js,1478682094,,404
1645dc,127.0.0.1,GET,http://asrac/images/Articles/image_test,1478682094,,404
ece2e0,127.0.0.1,GET,http://asrac/images/Articles/test2.jpg,1478682094,,404
a7ed68,127.0.0.1,GET,http://asrac/web/images/avatar.jpg,1478682094,,404
ed0db4,127.0.0.1,GET,http://asrac/web/images/avatar3.jpg,1478682094,,404
eb3cd4,127.0.0.1,GET,http://asrac/web/images/avatar2.jpg,1478682094,,404
6dac71,127.0.0.1,GET,http://asrac/web/images/agenda1.jpg,1478682094,,404
f0fc69,127.0.0.1,GET,http://asrac/paris.jpg,1478682094,,404
0bd17e,127.0.0.1,GET,http://asrac/,1478682173,,200
f33283,127.0.0.1,GET,http://asrac/web/lib/bootstrap.min.css,1478682173,,404
62c2c6,127.0.0.1,GET,http://asrac/web/css/style.css,1478682173,,404
2bcec0,127.0.0.1,GET,http://asrac/web/lib/jquery.js,1478682173,,404
f93eb3,127.0.0.1,GET,http://asrac/web/lib/script.js,1478682173,,404
fc1e41,127.0.0.1,GET,http://asrac/web/lib/bootstrap.min.js,1478682173,,404
f14eba,127.0.0.1,GET,http://asrac/images/Articles/image_test,1478682173,,404
7a4d66,127.0.0.1,GET,http://asrac/web/images/avatar.jpg,1478682173,,404
5625aa,127.0.0.1,GET,http://asrac/web/images/avatar2.jpg,1478682173,,404
88723c,127.0.0.1,GET,http://asrac/web/images/avatar3.jpg,1478682173,,404
96b27d,127.0.0.1,GET,http://asrac/images/Articles/test2.jpg,1478682173,,404
395cc2,127.0.0.1,GET,http://asrac/web/images/agenda1.jpg,1478682173,,404
6ebf9a,127.0.0.1,GET,http://asrac/paris.jpg,1478682174,,404
497284,127.0.0.1,GET,http://asrac/web/lib/jquery.js,1478682174,,404
4a033d,127.0.0.1,GET,http://asrac/web/lib/bootstrap.min.js,1478682174,,404
3c1579,127.0.0.1,GET,http://asrac/images/Articles/image_test,1478682174,,404
3a5c8a,127.0.0.1,GET,http://asrac/images/Articles/test2.jpg,1478682174,,404
7fd43d,127.0.0.1,GET,http://asrac/web/images/avatar.jpg,1478682174,,404
cc3e1e,127.0.0.1,GET,http://asrac/web/images/avatar3.jpg,1478682174,,404
904fb3,127.0.0.1,GET,http://asrac/web/images/avatar2.jpg,1478682174,,404
072f16,127.0.0.1,GET,http://asrac/web/images/agenda1.jpg,1478682174,,404
813440,127.0.0.1,GET,http://asrac/paris.jpg,1478682174,,404
25a65b,127.0.0.1,GET,http://asrac/,1478682298,,200
93e418,127.0.0.1,GET,http://asrac/web/lib/bootstrap.min.css,1478682298,,404
ec5372,127.0.0.1,GET,http://asrac/web/css/style.css,1478682298,,404
59c203,127.0.0.1,GET,http://asrac/web/lib/script.js,1478682298,,404
faa42f,127.0.0.1,GET,http://asrac/web/lib/jquery.js,1478682298,,404
413258,127.0.0.1,GET,http://asrac/web/lib/bootstrap.min.js,1478682298,,404
e96f39,127.0.0.1,GET,http://asrac/web/images/avatar.jpg,1478682298,,404
62c719,127.0.0.1,GET,http://asrac/images/Articles/image_test,1478682298,,404
62109c,127.0.0.1,GET,http://asrac/web/images/avatar3.jpg,1478682298,,404
fc0aa7,127.0.0.1,GET,http://asrac/web/images/avatar2.jpg,1478682298,,404
0d9e44,127.0.0.1,GET,http://asrac/images/Articles/test3.jpg,1478682298,,404
7f68f7,127.0.0.1,GET,http://asrac/images/Articles/test2.jpg,1478682298,,404
7837ce,127.0.0.1,GET,http://asrac/paris.jpg,1478682298,,404
a3c25f,127.0.0.1,GET,http://asrac/web/images/agenda1.jpg,1478682298,,404
eaf567,127.0.0.1,GET,http://asrac/web/lib/jquery.js,1478682298,,404
3dd62a,127.0.0.1,GET,http://asrac/web/lib/bootstrap.min.js,1478682298,,404
e9fb71,127.0.0.1,GET,http://asrac/images/Articles/image_test,1478682298,,404
4505fd,127.0.0.1,GET,http://asrac/images/Articles/test2.jpg,1478682298,,404
42cebe,127.0.0.1,GET,http://asrac/images/Articles/test3.jpg,1478682298,,404
921991,127.0.0.1,GET,http://asrac/web/images/avatar.jpg,1478682298,,404
d2ed83,127.0.0.1,GET,http://asrac/web/images/avatar3.jpg,1478682298,,404
4f2e09,127.0.0.1,GET,http://asrac/web/images/agenda1.jpg,1478682298,,404
9c48fc,127.0.0.1,GET,http://asrac/web/images/avatar2.jpg,1478682298,,404
b5b503,127.0.0.1,GET,http://asrac/paris.jpg,1478682298,,404
0e2c41,127.0.0.1,GET,http://asrac/,1478682353,,200
0e9ea6,127.0.0.1,GET,http://asrac/web/lib/bootstrap.min.css,1478682353,,404
68dd89,127.0.0.1,GET,http://asrac/web/lib/jquery.js,1478682353,,404
14727b,127.0.0.1,GET,http://asrac/web/lib/bootstrap.min.js,1478682353,,404
bea88e,127.0.0.1,GET,http://asrac/web/css/style.css,1478682353,,404
853858,127.0.0.1,GET,http://asrac/web/lib/script.js,1478682353,,404
fd8f11,127.0.0.1,GET,http://asrac/web/images/avatar3.jpg,1478682353,,404
a949ff,127.0.0.1,GET,http://asrac/images/Articles/test3.jpg,1478682353,,404
61a21e,127.0.0.1,GET,http://asrac/images/Articles/image_test,1478682353,,404
97449e,127.0.0.1,GET,http://asrac/images/Articles/test2.jpg,1478682353,,404
7e7c78,127.0.0.1,GET,http://asrac/web/images/avatar.jpg,1478682353,,404
5e5a7e,127.0.0.1,GET,http://asrac/web/images/avatar2.jpg,1478682353,,404
64d95a,127.0.0.1,GET,http://asrac/web/images/agenda1.jpg,1478682353,,404
a32c8f,127.0.0.1,GET,http://asrac/paris.jpg,1478682353,,404
a97dbe,127.0.0.1,GET,http://asrac/web/lib/jquery.js,1478682354,,404
cad030,127.0.0.1,GET,http://asrac/web/lib/bootstrap.min.js,1478682354,,404
e813eb,127.0.0.1,GET,http://asrac/images/Articles/image_test,1478682354,,404
974ad7,127.0.0.1,GET,http://asrac/images/Articles/test2.jpg,1478682354,,404
dfec27,127.0.0.1,GET,http://asrac/images/Articles/test3.jpg,1478682354,,404
c23b94,127.0.0.1,GET,http://asrac/web/images/avatar.jpg,1478682354,,404
1d0656,127.0.0.1,GET,http://asrac/web/images/avatar2.jpg,1478682354,,404
4f3115,127.0.0.1,GET,http://asrac/web/images/avatar3.jpg,1478682354,,404
14de06,127.0.0.1,GET,http://asrac/web/images/agenda1.jpg,1478682354,,404
bff283,127.0.0.1,GET,http://asrac/paris.jpg,1478682354,,404
a5f432,127.0.0.1,GET,http://asrac/,1478682445,,200
697008,127.0.0.1,GET,http://asrac/web/lib/bootstrap.min.css,1478682445,,404
57a4d8,127.0.0.1,GET,http://asrac/web/css/style.css,1478682445,,404
4298c5,127.0.0.1,GET,http://asrac/web/lib/jquery.js,1478682445,,404
bc5ae1,127.0.0.1,GET,http://asrac/web/lib/script.js,1478682445,,404
7b00ec,127.0.0.1,GET,http://asrac/web/lib/bootstrap.min.js,1478682445,,404
fc9785,127.0.0.1,GET,http://asrac/images/Articles/image_test,1478682445,,404
e8f1f6,127.0.0.1,GET,http://asrac/web/images/agenda1.jpg,1478682445,,404
4e3027,127.0.0.1,GET,http://asrac/paris.jpg,1478682445,,404
da868e,127.0.0.1,GET,http://asrac/web/images/avatar2.jpg,1478682445,,404
0be021,127.0.0.1,GET,http://asrac/web/images/avatar.jpg,1478682445,,404
9bd14a,127.0.0.1,GET,http://asrac/web/images/avatar3.jpg,1478682445,,404
6d6506,127.0.0.1,GET,http://asrac/web/lib/jquery.js,1478682445,,404
860af9,127.0.0.1,GET,http://asrac/web/lib/bootstrap.min.js,1478682445,,404
22a209,127.0.0.1,GET,http://asrac/images/Articles/image_test,1478682445,,404
fdf465,127.0.0.1,GET,http://asrac/web/images/avatar.jpg,1478682445,,404
e2f5d6,127.0.0.1,GET,http://asrac/web/images/avatar3.jpg,1478682445,,404
45c5f3,127.0.0.1,GET,http://asrac/web/images/avatar2.jpg,1478682445,,404
5138ff,127.0.0.1,GET,http://asrac/web/images/agenda1.jpg,1478682445,,404
19a158,127.0.0.1,GET,http://asrac/paris.jpg,1478682445,,404
bf6375,127.0.0.1,GET,http://asrac/,1478682475,,500
f938b2,127.0.0.1,GET,http://asrac/,1478682508,,500
f30053,127.0.0.1,GET,http://asrac/,1478682537,,200
a82e0e,127.0.0.1,GET,http://asrac/web/lib/bootstrap.min.css,1478682537,,404
f17f2d,127.0.0.1,GET,http://asrac/web/css/style.css,1478682537,,404
d6f56c,127.0.0.1,GET,http://asrac/web/lib/bootstrap.min.js,1478682537,,404
118248,127.0.0.1,GET,http://asrac/web/lib/jquery.js,1478682537,,404
9d9f7b,127.0.0.1,GET,http://asrac/web/lib/script.js,1478682537,,404
516634,127.0.0.1,GET,http://asrac/images/Articles/image_test,1478682537,,404
d9ff64,127.0.0.1,GET,http://asrac/web/images/avatar3.jpg,1478682537,,404
3bf1ef,127.0.0.1,GET,http://asrac/images/Articles/test3.jpg,1478682537,,404
d67f9e,127.0.0.1,GET,http://asrac/web/images/avatar2.jpg,1478682537,,404
3c06bd,127.0.0.1,GET,http://asrac/web/images/avatar.jpg,1478682537,,404
565fee,127.0.0.1,GET,http://asrac/images/Articles/test2.jpg,1478682537,,404
9e5e12,127.0.0.1,GET,http://asrac/paris.jpg,1478682537,,404
2dcbdf,127.0.0.1,GET,http://asrac/web/images/agenda1.jpg,1478682537,,404
f2a533,127.0.0.1,GET,http://asrac/web/lib/jquery.js,1478682538,,404
e4a92c,127.0.0.1,GET,http://asrac/web/lib/bootstrap.min.js,1478682538,,404
3bb980,127.0.0.1,GET,http://asrac/images/Articles/image_test,1478682538,,404
e45591,127.0.0.1,GET,http://asrac/images/Articles/test2.jpg,1478682538,,404
7d37e8,127.0.0.1,GET,http://asrac/images/Articles/test3.jpg,1478682538,,404
8feaf4,127.0.0.1,GET,http://asrac/web/images/avatar.jpg,1478682538,,404
316cac,127.0.0.1,GET,http://asrac/web/images/avatar3.jpg,1478682538,,404
85340e,127.0.0.1,GET,http://asrac/web/images/avatar2.jpg,1478682538,,404
39dd06,127.0.0.1,GET,http://asrac/web/images/agenda1.jpg,1478682538,,404
0e1e0d,127.0.0.1,GET,http://asrac/paris.jpg,1478682538,,404
a1f046,127.0.0.1,GET,http://asrac/,1478682559,,200
c1cb41,127.0.0.1,GET,http://asrac/web/lib/bootstrap.min.css,1478682559,,404
87bf5e,127.0.0.1,GET,http://asrac/web/css/style.css,1478682559,,404
eab995,127.0.0.1,GET,http://asrac/web/lib/script.js,1478682559,,404
a7a5cd,127.0.0.1,GET,http://asrac/web/lib/bootstrap.min.js,1478682559,,404
8f818c,127.0.0.1,GET,http://asrac/web/lib/jquery.js,1478682559,,404
4f64bb,127.0.0.1,GET,http://asrac/images/Articles/test2.jpg,1478682559,,404
0d5cad,127.0.0.1,GET,http://asrac/web/images/avatar.jpg,1478682559,,404
ed9ded,127.0.0.1,GET,http://asrac/images/Articles/test3.jpg,1478682559,,404
f27716,127.0.0.1,GET,http://asrac/images/Articles/image_test,1478682559,,404
654c76,127.0.0.1,GET,http://asrac/web/images/avatar2.jpg,1478682559,,404
c5b0c1,127.0.0.1,GET,http://asrac/web/images/agenda1.jpg,1478682559,,404
656336,127.0.0.1,GET,http://asrac/web/images/avatar3.jpg,1478682559,,404
2b70c6,127.0.0.1,GET,http://asrac/paris.jpg,1478682559,,404
fd6aea,127.0.0.1,GET,http://asrac/web/lib/jquery.js,1478682560,,404
25c706,127.0.0.1,GET,http://asrac/web/lib/bootstrap.min.js,1478682560,,404
b23e3e,127.0.0.1,GET,http://asrac/images/Articles/image_test,1478682560,,404
c78372,127.0.0.1,GET,http://asrac/images/Articles/test2.jpg,1478682560,,404
796016,127.0.0.1,GET,http://asrac/images/Articles/test3.jpg,1478682560,,404
df1ba8,127.0.0.1,GET,http://asrac/web/images/avatar.jpg,1478682560,,404
a55543,127.0.0.1,GET,http://asrac/web/images/avatar3.jpg,1478682560,,404
51ee70,127.0.0.1,GET,http://asrac/web/images/avatar2.jpg,1478682560,,404
8dbeb5,127.0.0.1,GET,http://asrac/web/images/agenda1.jpg,1478682560,,404
b6f482,127.0.0.1,GET,http://asrac/paris.jpg,1478682560,,404
da591f,127.0.0.1,GET,http://asrac/,1478682582,,200
5fb413,127.0.0.1,GET,http://asrac/web/lib/bootstrap.min.css,1478682582,,404
5e23b2,127.0.0.1,GET,http://asrac/web/css/style.css,1478682582,,404
9c0555,127.0.0.1,GET,http://asrac/web/lib/script.js,1478682582,,404
50ec52,127.0.0.1,GET,http://asrac/web/lib/bootstrap.min.js,1478682582,,404
6cf7af,127.0.0.1,GET,http://asrac/web/lib/jquery.js,1478682582,,404
5e857f,127.0.0.1,GET,http://asrac/web/images/avatar.jpg,1478682582,,404
d722d3,127.0.0.1,GET,http://asrac/web/images/avatar3.jpg,1478682582,,404
977872,127.0.0.1,GET,http://asrac/images/Articles/image_test,1478682582,,404
fd7cc5,127.0.0.1,GET,http://asrac/web/images/avatar2.jpg,1478682582,,404
a13d21,127.0.0.1,GET,http://asrac/images/Articles/test2.jpg,1478682582,,404
c603e8,127.0.0.1,GET,http://asrac/images/Articles/test3.jpg,1478682582,,404
749f2a,127.0.0.1,GET,http://asrac/paris.jpg,1478682582,,404
8357de,127.0.0.1,GET,http://asrac/web/images/agenda1.jpg,1478682582,,404
f662ee,127.0.0.1,GET,http://asrac/web/lib/jquery.js,1478682582,,404
fba5e1,127.0.0.1,GET,http://asrac/web/lib/bootstrap.min.js,1478682582,,404
fad4b3,127.0.0.1,GET,http://asrac/images/Articles/image_test,1478682582,,404
087689,127.0.0.1,GET,http://asrac/images/Articles/test2.jpg,1478682582,,404
df12d4,127.0.0.1,GET,http://asrac/images/Articles/test3.jpg,1478682582,,404
3b2e14,127.0.0.1,GET,http://asrac/web/images/avatar.jpg,1478682582,,404
c1686c,127.0.0.1,GET,http://asrac/web/images/avatar3.jpg,1478682582,,404
0086c9,127.0.0.1,GET,http://asrac/web/images/agenda1.jpg,1478682582,,404
f18ce7,127.0.0.1,GET,http://asrac/web/images/avatar2.jpg,1478682582,,404
0f4297,127.0.0.1,GET,http://asrac/paris.jpg,1478682582,,404
166415,127.0.0.1,GET,http://asrac/,1478682665,,500
ed58ad,127.0.0.1,GET,http://asrac/,1478682686,,500
7faa3e,127.0.0.1,GET,http://asrac/,1478682706,,200
00cc36,127.0.0.1,GET,http://asrac/web/lib/bootstrap.min.css,1478682706,,404
4dc223,127.0.0.1,GET,http://asrac/web/css/style.css,1478682706,,404
988dea,127.0.0.1,GET,http://asrac/web/lib/script.js,1478682706,,404
9ff9f7,127.0.0.1,GET,http://asrac/web/lib/jquery.js,1478682706,,404
418f5d,127.0.0.1,GET,http://asrac/web/lib/bootstrap.min.js,1478682706,,404
8d9ca8,127.0.0.1,GET,http://asrac/images/Articles/image_test,1478682706,,404
b950d4,127.0.0.1,GET,http://asrac/images/Articles/test2.jpg,1478682706,,404
81d7cd,127.0.0.1,GET,http://asrac/images/Articles/test3.jpg,1478682706,,404
c01ed7,127.0.0.1,GET,http://asrac/web/images/avatar.jpg,1478682707,,404
ee6b12,127.0.0.1,GET,http://asrac/web/images/avatar3.jpg,1478682707,,404
2e085d,127.0.0.1,GET,http://asrac/web/images/avatar2.jpg,1478682707,,404
b4ae2c,127.0.0.1,GET,http://asrac/paris.jpg,1478682707,,404
97e731,127.0.0.1,GET,http://asrac/web/images/agenda1.jpg,1478682707,,404
360353,127.0.0.1,GET,http://asrac/web/lib/jquery.js,1478682707,,404
3872a4,127.0.0.1,GET,http://asrac/web/lib/bootstrap.min.js,1478682707,,404
72b6b7,127.0.0.1,GET,http://asrac/images/Articles/image_test,1478682707,,404
8374e9,127.0.0.1,GET,http://asrac/images/Articles/test2.jpg,1478682707,,404
ca7b24,127.0.0.1,GET,http://asrac/images/Articles/test3.jpg,1478682707,,404
4bae77,127.0.0.1,GET,http://asrac/web/images/avatar.jpg,1478682707,,404
a06823,127.0.0.1,GET,http://asrac/web/images/avatar3.jpg,1478682707,,404
fd707e,127.0.0.1,GET,http://asrac/web/images/avatar2.jpg,1478682707,,404
5c0ff6,127.0.0.1,GET,http://asrac/paris.jpg,1478682707,,404
2afcdf,127.0.0.1,GET,http://asrac/web/images/agenda1.jpg,1478682707,,404
a84839,127.0.0.1,GET,http://asrac/,1478682854,,200
a2d735,127.0.0.1,GET,http://asrac/web/lib/bootstrap.min.css,1478682854,,404
b877bc,127.0.0.1,GET,http://asrac/web/css/style.css,1478682854,,404
e8f42d,127.0.0.1,GET,http://asrac/web/lib/script.js,1478682854,,404
027659,127.0.0.1,GET,http://asrac/web/lib/jquery.js,1478682854,,404
143226,127.0.0.1,GET,http://asrac/web/lib/bootstrap.min.js,1478682854,,404
ba2db6,127.0.0.1,GET,http://asrac/images/Articles/test2.jpg,1478682854,,404
3f1cfe,127.0.0.1,GET,http://asrac/images/Articles/test3.jpg,1478682854,,404
c1f9a1,127.0.0.1,GET,http://asrac/web/images/avatar2.jpg,1478682854,,404
9ce664,127.0.0.1,GET,http://asrac/web/images/avatar.jpg,1478682854,,404
e3489d,127.0.0.1,GET,http://asrac/web/images/avatar3.jpg,1478682854,,404
1e2e6a,127.0.0.1,GET,http://asrac/images/Articles/image_test,1478682854,,404
1a38e3,127.0.0.1,GET,http://asrac/web/images/agenda1.jpg,1478682855,,404
efa625,127.0.0.1,GET,http://asrac/paris.jpg,1478682855,,404
5c00f2,127.0.0.1,GET,http://asrac/web/lib/jquery.js,1478682855,,404
276d53,127.0.0.1,GET,http://asrac/web/lib/bootstrap.min.js,1478682855,,404
71e68f,127.0.0.1,GET,http://asrac/images/Articles/image_test,1478682855,,404
7c7520,127.0.0.1,GET,http://asrac/images/Articles/test2.jpg,1478682855,,404
710c66,127.0.0.1,GET,http://asrac/images/Articles/test3.jpg,1478682855,,404
d22a92,127.0.0.1,GET,http://asrac/web/images/avatar.jpg,1478682855,,404
1fd428,127.0.0.1,GET,http://asrac/web/images/avatar3.jpg,1478682855,,404
0b8d96,127.0.0.1,GET,http://asrac/web/images/avatar2.jpg,1478682855,,404
97a9c0,127.0.0.1,GET,http://asrac/web/images/agenda1.jpg,1478682855,,404
001c1e,127.0.0.1,GET,http://asrac/paris.jpg,1478682855,,404
1cbcd2,127.0.0.1,GET,http://asrac/articles,1478683071,,404
604fa7,127.0.0.1,GET,http://asrac/images/Articles/image_test,1478683631,,404
8f3dc0,127.0.0.1,GET,http://asrac/images/Articles/test2.jpg,1478683631,,404
aceabc,127.0.0.1,GET,http://asrac/web/images/avatar3.jpg,1478683632,,404
49b270,127.0.0.1,GET,http://asrac/images/Articles/test3.jpg,1478683632,,404
9323c8,127.0.0.1,GET,http://asrac/web/images/avatar2.jpg,1478683632,,404
4e6a23,127.0.0.1,GET,http://asrac/web/images/agenda1.jpg,1478683632,,404
a47b6a,127.0.0.1,GET,http://asrac/web/images/avatar.jpg,1478683632,,404
7fa14a,127.0.0.1,GET,http://asrac/paris.jpg,1478683632,,404
fdd1a4,127.0.0.1,GET,http://asrac/images/Articles/image_test,1478683632,,404
cb430e,127.0.0.1,GET,http://asrac/images/Articles/test2.jpg,1478683632,,404
7eb373,127.0.0.1,GET,http://asrac/web/images/avatar3.jpg,1478683632,,404
9136ff,127.0.0.1,GET,http://asrac/web/images/avatar2.jpg,1478683632,,404
4b3d9d,127.0.0.1,GET,http://asrac/images/Articles/test3.jpg,1478683632,,404
58460b,127.0.0.1,GET,http://asrac/web/images/agenda1.jpg,1478683632,,404
6961dc,127.0.0.1,GET,http://asrac/web/images/avatar.jpg,1478683632,,404
6faf21,127.0.0.1,GET,http://asrac/paris.jpg,1478683633,,404
fa9df8,127.0.0.1,GET,http://asrac/,1478683653,,200
f6c053,127.0.0.1,GET,http://asrac/web/lib/bootstrap.min.css,1478683653,,404
23e325,127.0.0.1,GET,http://asrac/web/css/style.css,1478683653,,404
f71582,127.0.0.1,GET,http://asrac/web/lib/script.js,1478683653,,404
513995,127.0.0.1,GET,http://asrac/web/lib/jquery.js,1478683653,,404
38560f,127.0.0.1,GET,http://asrac/web/lib/bootstrap.min.js,1478683653,,404
d6449a,127.0.0.1,GET,http://asrac/web/images/avatar2.jpg,1478683653,,404
aa531c,127.0.0.1,GET,http://asrac/images/Articles/image_test,1478683653,,404
4b1292,127.0.0.1,GET,http://asrac/web/images/agenda1.jpg,1478683653,,404
976991,127.0.0.1,GET,http://asrac/images/Articles/test2.jpg,1478683653,,404
235680,127.0.0.1,GET,http://asrac/web/images/avatar3.jpg,1478683653,,404
5f3f28,127.0.0.1,GET,http://asrac/images/Articles/test3.jpg,1478683653,,404
db99c7,127.0.0.1,GET,http://asrac/paris.jpg,1478683653,,404
7b486e,127.0.0.1,GET,http://asrac/web/images/avatar.jpg,1478683653,,404
5aa1c4,127.0.0.1,GET,http://asrac/web/lib/jquery.js,1478683654,,404
0f5044,127.0.0.1,GET,http://asrac/web/lib/bootstrap.min.js,1478683654,,404
cc4576,127.0.0.1,GET,http://asrac/images/Articles/image_test,1478683654,,404
5b3d53,127.0.0.1,GET,http://asrac/images/Articles/test2.jpg,1478683654,,404
f6b4d6,127.0.0.1,GET,http://asrac/images/Articles/test3.jpg,1478683654,,404
a5b5a9,127.0.0.1,GET,http://asrac/web/images/agenda1.jpg,1478683654,,404
436d77,127.0.0.1,GET,http://asrac/web/images/avatar.jpg,1478683654,,404
97a961,127.0.0.1,GET,http://asrac/web/images/avatar3.jpg,1478683654,,404
696ba4,127.0.0.1,GET,http://asrac/web/images/avatar2.jpg,1478683654,,404
562796,127.0.0.1,GET,http://asrac/paris.jpg,1478683654,,404
8ce944,127.0.0.1,GET,http://asrac/,1478683724,,200
23dd94,127.0.0.1,GET,http://asrac/lib/script.js,1478683724,,404
0545a7,127.0.0.1,GET,http://asrac/images/Articles/test2.jpg,1478683724,,404
c01f92,127.0.0.1,GET,http://asrac/web/images/avatar.jpg,1478683724,,404
06df70,127.0.0.1,GET,http://asrac/images/Articles/image_test,1478683724,,404
93e158,127.0.0.1,GET,http://asrac/images/Articles/test3.jpg,1478683724,,404
eb6b85,127.0.0.1,GET,http://asrac/web/images/avatar3.jpg,1478683724,,404
851899,127.0.0.1,GET,http://asrac/web/images/avatar2.jpg,1478683724,,404
a4a79b,127.0.0.1,GET,http://asrac/web/images/agenda1.jpg,1478683724,,404
b9896d,127.0.0.1,GET,http://asrac/paris.jpg,1478683724,,404
c54108,127.0.0.1,GET,http://asrac/,1478684131,,200
3501aa,127.0.0.1,GET,http://asrac/images/Articles/image_test,1478684131,,404
110435,127.0.0.1,GET,http://asrac/images/Articles/test2.jpg,1478684131,,404
e3b88d,127.0.0.1,GET,http://asrac/images/Articles/test3.jpg,1478684131,,404
14a555,127.0.0.1,GET,http://asrac/web/images/avatar.jpg,1478684131,,404
1f2fbd,127.0.0.1,GET,http://asrac/web/images/avatar3.jpg,1478684131,,404
185e07,127.0.0.1,GET,http://asrac/web/images/avatar2.jpg,1478684131,,404
a524d8,127.0.0.1,GET,http://asrac/web/images/agenda1.jpg,1478684131,,404
f31b06,127.0.0.1,GET,http://asrac/paris.jpg,1478684131,,404
9d3591,127.0.0.1,GET,http://asrac/lib/script.js,1478684132,,404
1cba07,127.0.0.1,GET,http://asrac/images/Articles/image_test,1478684132,,404
a0e981,127.0.0.1,GET,http://asrac/images/Articles/test2.jpg,1478684132,,404
ae4109,127.0.0.1,GET,http://asrac/images/Articles/test3.jpg,1478684132,,404
974558,127.0.0.1,GET,http://asrac/web/images/avatar.jpg,1478684132,,404
02b117,127.0.0.1,GET,http://asrac/web/images/avatar3.jpg,1478684132,,404
9295b2,127.0.0.1,GET,http://asrac/web/images/agenda1.jpg,1478684132,,404
4c11de,127.0.0.1,GET,http://asrac/web/images/avatar2.jpg,1478684132,,404
0acc99,127.0.0.1,GET,http://asrac/paris.jpg,1478684132,,404
25aea8,127.0.0.1,GET,http://asrac/,1478692235,,200
0a2af1,127.0.0.1,GET,http://asrac/web/images/avatar3.jpg,1478692235,,404
7e40e2,127.0.0.1,GET,http://asrac/images/Articles/image_test,1478692235,,404
d6c2c1,127.0.0.1,GET,http://asrac/web/images/agenda1.jpg,1478692235,,404
8b86cc,127.0.0.1,GET,http://asrac/web/images/avatar.jpg,1478692235,,404
d59662,127.0.0.1,GET,http://asrac/images/Articles/test2.jpg,1478692235,,404
dd6d65,127.0.0.1,GET,http://asrac/images/Articles/test3.jpg,1478692235,,404
77370c,127.0.0.1,GET,http://asrac/web/images/avatar2.jpg,1478692235,,404
d65ad6,127.0.0.1,GET,http://asrac/paris.jpg,1478692235,,404
420126,127.0.0.1,GET,http://asrac/lib/script.js,1478692235,,404
369f62,127.0.0.1,GET,http://asrac/images/Articles/image_test,1478692236,,404
fcfe70,127.0.0.1,GET,http://asrac/images/Articles/test3.jpg,1478692236,,404
ef1fa9,127.0.0.1,GET,http://asrac/web/images/avatar.jpg,1478692236,,404
fb8744,127.0.0.1,GET,http://asrac/images/Articles/test2.jpg,1478692236,,404
2a3d73,127.0.0.1,GET,http://asrac/web/images/avatar3.jpg,1478692236,,404
972e3c,127.0.0.1,GET,http://asrac/web/images/avatar2.jpg,1478692236,,404
ed63df,127.0.0.1,GET,http://asrac/web/images/agenda1.jpg,1478692236,,404
1c36c7,127.0.0.1,GET,http://asrac/paris.jpg,1478692236,,404
5dcb4e,127.0.0.1,GET,http://asrac/,1478696316,,200
906cfe,127.0.0.1,GET,http://asrac/images/Articles/image_test,1478696316,,404
ffd792,127.0.0.1,GET,http://asrac/images/Articles/test2.jpg,1478696316,,404
15bf36,127.0.0.1,GET,http://asrac/images/Articles/test3.jpg,1478696316,,404
24e2ae,127.0.0.1,GET,http://asrac/web/images/avatar3.jpg,1478696316,,404
40ac5e,127.0.0.1,GET,http://asrac/web/images/avatar.jpg,1478696316,,404
564f71,127.0.0.1,GET,http://asrac/web/images/agenda1.jpg,1478696316,,404
91e633,127.0.0.1,GET,http://asrac/web/images/avatar2.jpg,1478696316,,404
93ddb8,127.0.0.1,GET,http://asrac/paris.jpg,1478696316,,404
259440,127.0.0.1,GET,http://asrac/lib/script.js,1478696317,,404
241c66,127.0.0.1,GET,http://asrac/images/Articles/test3.jpg,1478696317,,404
44914f,127.0.0.1,GET,http://asrac/images/Articles/image_test,1478696317,,404
79269d,127.0.0.1,GET,http://asrac/images/Articles/test2.jpg,1478696317,,404
cb8d68,127.0.0.1,GET,http://asrac/web/images/avatar.jpg,1478696317,,404
f5cc1d,127.0.0.1,GET,http://asrac/web/images/avatar2.jpg,1478696317,,404
65fc54,127.0.0.1,GET,http://asrac/web/images/avatar3.jpg,1478696317,,404
472561,127.0.0.1,GET,http://asrac/web/images/agenda1.jpg,1478696317,,404
bf73d6,127.0.0.1,GET,http://asrac/paris.jpg,1478696317,,404
d9be74,127.0.0.1,GET,http://asrac/,1478696328,,200
ab9ce6,127.0.0.1,GET,http://asrac/lib/script.js,1478696328,,404
f2c752,127.0.0.1,GET,http://asrac/images/Articles/image_test,1478696328,,404
99cab6,127.0.0.1,GET,http://asrac/images/Articles/test2.jpg,1478696328,,404
d26630,127.0.0.1,GET,http://asrac/images/Articles/test3.jpg,1478696328,,404
a52a41,127.0.0.1,GET,http://asrac/web/images/avatar.jpg,1478696328,,404
b19cec,127.0.0.1,GET,http://asrac/web/images/avatar3.jpg,1478696328,,404
8f6c61,127.0.0.1,GET,http://asrac/web/images/avatar2.jpg,1478696328,,404
8555ca,127.0.0.1,GET,http://asrac/web/images/agenda1.jpg,1478696328,,404
6b10a6,127.0.0.1,GET,http://asrac/paris.jpg,1478696328,,404
d2c319,127.0.0.1,GET,http://asrac/images/Articles/image_test,1478696329,,404
e29428,127.0.0.1,GET,http://asrac/web/images/avatar.jpg,1478696329,,404
a6e91a,127.0.0.1,GET,http://asrac/images/Articles/test3.jpg,1478696329,,404
741a21,127.0.0.1,GET,http://asrac/images/Articles/test2.jpg,1478696329,,404
f4c0ec,127.0.0.1,GET,http://asrac/web/images/agenda1.jpg,1478696329,,404
13319d,127.0.0.1,GET,http://asrac/web/images/avatar3.jpg,1478696329,,404
22cc3d,127.0.0.1,GET,http://asrac/paris.jpg,1478696329,,404
a3d62b,127.0.0.1,GET,http://asrac/web/images/avatar2.jpg,1478696329,,404
207d73,127.0.0.1,GET,http://asrac/actualite,1478696369,,500
1bac7e,127.0.0.1,GET,http://asrac/actualite,1478696391,,200
d7bdbe,127.0.0.1,GET,http://asrac/lib/script.js,1478696391,,404
10ddfa,127.0.0.1,GET,http://asrac/images/Articles/test2.jpg,1478696391,,404
084e05,127.0.0.1,GET,http://asrac/images/Articles/image_test,1478696391,,404
08fe3b,127.0.0.1,GET,http://asrac/images/Articles/test3.jpg,1478696391,,404
d1f324,127.0.0.1,GET,http://asrac/lib/bootstrap.min.css.map,1478696452,,404

